product_name,C1,C2,C3
테이트 남성 셀린니트3종,,,
테이트 여성 셀린니트3종,,,
오모떼 레이스 파운데이션 브라,,,
CERINI by PAT 남성 소프트 기모 릴렉스팬츠,,,
보코 리버시블 무스탕,,,
CERINI by PAT 남성 풀패키지 기모니트 3종,,,
크로커다일 The 편안한 코튼 브라팬티 4세트,,,
에코라믹 통주물 스톤 냄비세트,,,
오모떼 360도 텐션업 레이스 패키지 시즌4,,,
그렉노먼 남성 구스다운 롱 벤치코트,,,
그렉노먼 여성 구스다운 롱 벤치코트,,,
뽕셰프 이봉원 특갈비탕 12팩,,,
국내산 손질갑오징어 8팩,,,
멋진밥상 흥양농협 햅쌀 20kg,,,
비버리힐스폴로클럽 남성기초세트(2018FW골드),,,
우리바다 손질왕꼬막 24팩,,,
푸마 에어핏 서포트 브라세트 15종+4종,,,
LG 통돌이 세탁기,,,
마리노블 밍크 롱코트,,,
헤스티지 엘레나 라쿤양가죽 콤비 롱코트,,,
로베르타 디 까메리노 올레이스 지퍼브라팬티,,,
그렉노먼 남성 캐시터치 터틀넥 4종,,,
그렉노먼 여성 캐시터치 터틀넥 4종,,,
레이프릴 무빙 맥시풀커버 브라팬티,,,
벨라홈 논슬립 옷걸이 세트,,,
(직매입) 종근당건강 아이클리어 루테인,,,
NNF 쿠션퍼자켓+베스트,,,
쿠첸 풀스텐 압력밥솥 10인용 (A1),,,
쿠첸 풀스텐 압력밥솥 10인용(A1),,,
쿠첸 풀스텐 압력밥솥 6인용(A1),,,
린나이 간편쿡 자동불꽃조절 가스레인지 3구,,,
린나이 간편쿡 자동불꽃조절 가스레인지 2구,,,
하늘내린 용대리황태10미,,,
안동간고등어 20팩,,,
"SPC삼립 한입 호빵 13봉(혼합, 팥8+야채5봉)",,,
"SPC삼립 한입 호빵 13봉(단일, 팥 13봉)",,,
바다먹자 국내산 손질꽃게 7팩,,,
키친플라워 대용량 디지털 에어프라이어 5L,,,
피시원 국내산 손질 대구 8팩 * 매운탕 양념 8팩,,,
푸마 코튼 라이크라 드로즈 12종,,,
푸마 INNO 심리스 롱드로즈 7종,,,
푸마 드라이셀라인 뉴 런닝 9종,,,
LG전자 매직스페이스 냉장고,,,
LG 울트라HD TV 55UK6800HNC,,,
LG 울트라HD TV 65UK6800HNC,,,
LG 울트라HD TV 70UK7400KNA,,,
크로커다일 풀커버 레이스 브라팬티 4세트,,,
푸마 웜셀 기모 치마레깅스 3종,,,
에펨 여성 미들퍼부츠,,,
에펨 남성 미들퍼부츠,,,
천연담아 명품다시팩 100포,,,
엘렌실라 달팽이크림(콜라겐5+팩트3),,,
로베르타 디 까메리노 노벨라백 2종,,,
한일 대용량 스텐 분쇄믹서기,,,
(도냄)쿠쿠전기밥솥 10인용,,,
(도냄)쿠쿠전기밥솥 6인용,,,
(도냄) 쿠쿠전기밥솥 6인용,,,
청정수산 완도활전복 35미,,,
영산포숙성 홍어8팩+무침3통,,,
푸마 INNO 심리스 드로즈 (6차),,,
푸마 INNO 심리스 롱드로즈 (1차),,,
푸마 NEW 트렁크 패키지,,,
노비타 스마트 비데,,,
제주농장 유기 양배추진액 120포,,,
코이모 리빙박스 8종,,,
로베르타 디 까메리노 360커브드 지퍼 쉐이핑 란쥬,,,
소들녘 소 갈비탕,,,
스포메틱스 리얼핏 모이스춰라이징 코코넛크림,,,
[가이거] 제니스시계 주얼리세트,,,
스칼프솔루션 트리트먼트 패키지,,,
아문센 남성 윈터 하드쉘 세트,,,
아문센 여성 윈터 하드쉘 세트,,,
마담팰리스 웜기모 롱베스트 3종세트,,,
오모떼 프런트후크 데오브라 시즌2,,,
K-SWISS 남성기모티셔츠 5종,,,
K-SWISS 여성기모티셔츠 5종,,,
(a4)팽현숙의 순대 곱창 전골&볶음,,,
종근당건강 전립쎈 프라임,,,
마리끌레르 파리컬렉션 리얼 하이드로 립스틱(리뉴얼),,,
아리스토우 남성기모티셔츠5종,,,
스위스밀리터리 전동공구세트,,,
도네이 남성 터틀넥 스웨터 4종,,,
도네이 여성 터틀넥 스웨터 4종,,,
레이프릴 더블엑스 매직니퍼팬티(FW리뉴얼),,,
쿠미투니카 하이서포트 심리스  란쥬&팬티,,,
에코라믹 컬링스톤프라이팬세트,,,
농협안심벌꿀 4병,,,
메디쉴드 자동 목 견인기기,,,
소들녘 더 맛있는 NEW  돼지왕구이 12팩,,,
에버라스트 남성 기능성 에어로웜 동내의 3세트,,,
에버라스트 여성 기능성 에어로웜 동내의 3세트,,,
테이트 남성 기모티셔츠6종,,,
테이트 여성 기모티셔츠6종,,,
보코 폭스퍼구스다운 롱패딩,,,
더블유베일 풀스킨 폭스카라 머스크랫 코트,,,
천수봉명인 선재 전통 메주세트,,,
카파 드로즈 패키지 12종,,,
카파 런닝 패키지 9종,,,
로이몬스터 남녀 벤치후드롱패딩,,,
삼성 노트북 9 메탈 기본형 NT900X5J-K14,,,
삼성 노트북 9 메탈 고급형 NT900X5J-K28,,,
아리스토우 남성 패딩트랙수트세트,,,
아리스토우 여성 패딩트랙수트세트,,,
쿠미투니카 황후의코르셋 하이웨이스트팬티(리뉴얼),,,
임페리얼 남성 릴렉스 본딩팬츠 3종,,,
임페리얼 여성 릴렉스 본딩팬츠 3종,,,
카파 발란스테크 브라팬티 12세트,,,
[가이거] 콘체르토 다이아몬드 워치(주얼리3종),,,
로베르타 디 까메리노 트리플커버 지퍼쉐이핑 란쥬,,,
스위스밀리터리 에어프라이어,,,
 모즈 커피머신&미니오븐,,,
 모즈 커피머신,,,
 모즈 미니오븐,,,
제주 한라봉2박스+천혜향1박스,,,
베지밀 검은콩 두유  96팩,,,
아이오 진공포장기,,,
궁중 손질새우 200미 + 동태포 200g,,,
이봉원 정직한 안창살 + 갈비살구이,,,
세인트스코트 얼티밋 캐리어 7종 세트(백팩),,,
 락앤락 블랙우드 칼블럭7종+키친툴7종,,,
락앤락 블랙우드 칼블럭7종+키친툴7종,,,
키친플라워 참소쿠리 2세트,,,
키친플라워 참소쿠리 1세트,,,
도스문도스 카이만 엠보 소가죽 핸드백 1종,,,
보코 퀼팅베스트+터틀넥2종,,,
락앤락 비스프리 온더테이블 밀폐용기세트,,,
에버홈 직화그릴,,,
삼성 UHD TV UN55NU7010FXKR,,,
삼성 UHD TV UN65NU7010FXKR,,,
삼성 UHD TV UN75NU7010FXKR,,,
몬테밀라노 어메이징핏 하이웨스트 팬티 10종,,,
한삼인순홍삼진7박스 (백A1),,,
메시제이 퀼팅코트+퍼베스트,,,
오모떼 리얼스킨 쉐이핑 브라팬티,,,
씨엔지코리아 방역용마스크 KF94 60매,,,
[농협] 대학 찰 옥수수 10봉(30개),,,
전철우 소갈비살구이 10팩,,,
[수협] 자연산 제주 옥돔 + 갈치 세트,,,
올리고 가스와이드그릴레인지 프리미엄형,,,
올리고 가스와이드그릴레인지 기본형,,,
임페리얼 남성 울 블렌딩 니트 3종,,,
임페리얼 여성 울 블렌딩 니트 3종,,,
보코 윈터 기모 풀코디 4종세트,,,
AAE LA갈비 7팩,,,
컬럼비아 옴니위크 드로즈 패키지 10종,,,
컬럼비아 옴니히트 롱드로즈 패키지 7종,,,
컬럼비아 옴니위크 머슬 언더셔츠 6종,,,
남영비비안 스킨핏 Dream Fit 브라팬티,,,
헤스떼벨 웜 업 란쥬쉐이퍼,,,
삼성 블루스카이 공기청정기 AX40N3080DMD 1세트,,,
삼성 블루스카이 공기청정기 AX40N3080DMD 2세트,,,
NNF 여성 롱패딩1종,,,
삼성 건조기 9kg 블랙케비어 DV90M53B0QV,,,
삼성 건조기 9kg 이녹스실버 DV90M53B0QP,,,
삼성 건조기 9kg 화이트 DV90M53B0QW,,,
제주바다 7분 손질문어,,,
크리스티나앤코 기모티셔츠세트,,,
옛날 그 쥐포 110장 (11팩),,,
대우전자 미니건조기 DWR-03IDDC,,,
대우전자 미니건조기 DWR-03IDWH,,,
레이프릴 무빙 맥시풀커버 브라팬티(리뉴얼),,,
쿠첸 스마트 투인원 티메이커,,,
보코 니트웨어 풀코디,,,
마스케라 밍크니팅모자세트,,,
마스케라 풀스킨 밍크머플러세트,,,
해피콜  IH 진공 스텐 냄비 에디션,,,
"구워만든 곡물그대로 21, 3종 20봉",,,
"구워만든 곡물그대로 21, 오리지널 10봉",,,
크린조이 황사 방역마스크 대형 105매,,,
크린조이 황사 방역마스크 소형 105매,,,
국내생산 스텐락 심플 스텐밀폐용기 17종,,,
더블유베일 캐시라이크 니트 4종,,,
쓰임 마호가니 원목도마 4종 세트,,,
로벤탈 국내산  IH 실버팬 세트,,,
청정수산 완도활전복 中사이즈 26미,,,
장보고 완도매생이 30개,,,
뉴 클레린 티메이커 시그니처플러스 1+1,,,
뉴 클레린 티메이커 플러스,,,
CERINI by PAT 남성 집업니트4종,,,
LG 울트라HD TV 70UK6800HNC,,,
오모떼 에어홀릭 브라팬티,,,
엘르 메르시(Merci) 토트백세트,,,
쿠쿠전기밥솥 10인용,,,
쿠쿠전기밥솥 6인용,,,
 쿠쿠전기밥솥 6인용,,,
린나이 자동불꽃조절 가스레인지 3구,,,
 린나이 자동불꽃조절 가스레인지 3구,,,
 린나이 자동불꽃조절 가스레인지 2구,,,
세균싹 행주티슈,,,
해피콜  X2싱크릴 분리가능 양면그릴,,,
삼성 유로피안 냉장고RS82M6000S8,,,
보루네오 루나 유로탑 멀티수납형 LED 침대 SS 슈퍼싱글,,,
보루네오 루나 유로탑 멀티수납형 LED 침대 Q 퀸,,,
보루네오 루나 유로탑 멀티수납형 LED 침대 K 킹,,,
레이프릴 골드라벨 무빙 란쥬,,,
아키 조끼형 더블보정 란쥬 쉐이퍼(96차),,,
K-SWISS 남성약기모팬츠3종,,,
종근당건강 프로메가 오메가3 파워,,,
LG 노트북 그램 15인치 15Z980-L.AR1DK,,,
LG 노트북 그램 15인치 15Z980-G.AR3DK,,,
특집  이롬 황성주1일1생식 스페셜,,,
아이넥스 프리미엄 올스텐 싱크선반,,,
락앤락 유로오븐글라스 세트,,,
통째로 착즙한 루비 석류즙 84포,,,
자연산 손질 통오징어 21미,,,
삼성 UHD 국민TV UN55NU7010FXKR,,,
파시노 이지앤퀵 빗살 뿌리펌,,,
월드컵 남성 워킹화+슬립온,,,
월드컵 여성 워킹화+슬립온,,,
가)세렌셉템버 다이아 체크 리빙박스+압축팩,,,
쿠쿠 하이브리드 인덕션레인지(프리미엄형),,,
쿠쿠 하이브리드 인덕션레인지(고급형),,,
루이바셋 여성 기모 웜 본딩팬츠 3종,,,
마리노블 밍크 퍼 베스트,,,
달바 화이트 트러플 퍼스트 인텐시브 세럼,,,
천연담아 명품다시팩 120포,,,
 삼익가구 LED 제니비 서랍형 침대 SS,,,
 삼익가구 LED 제니비 서랍형 침대 Q,,,
 삼익가구 LED 제니비 서랍형 침대 K,,,
강원도양구 간편시래기 + 시래기 들깨 무침,,,
NNF 더블페이스 쿠션재킷+베스트,,,
푸마 심리스 드로즈 블랙에디션 패키지,,,
푸마 트렁크 블랙에디션 패키지,,,
몬테밀라노 컴포트앤핏 브라팬티 5+5세트,,,
까사마루행거 2단,,,
멋진밥상 흥양농협 쌀 20kg,,,
칼리베이직 여성백 3종세트,,,
벨라홈 릴렉스 체어,,,
프로피쿡 에어프라이어,,,
키친아트 스텐밀폐용기 세트,,,
바로바로 무선청소기,,,
벨라홈 논슬립 옷걸이 세트 1+1,,,
올바로바른자세밴드 2종세트,,,
캘리포니아 카라카라 오렌지 8kg,,,
푸마 드라이셀 퓨징 브라세트 패키지,,,
푸마 드라이셀 쉐이핑 레깅스 3종,,,
푸마 드라이셀 치마레깅스 3종,,,
아가타 여성 주얼 슬립온+스트랩슬립온,,,
오모떼 미라클쉐이핑 브라팬티 시즌2,,,
쿠미투니카 퍼펙트클린 레이스 브라팬티,,,
선일금고 이볼브 시리즈 EV-040,,,
선일금고 이볼브 시리즈 EV-020,,,
로베르타 디 까메리노 아쿠아마레 백팩 4종세트,,,
닥터 슈퍼 루테인,,,
쿠첸 풀스텐 압력밥솥 10인용 ,,,
한샘 HG 화이트 실버슬림 붙박이장(2.2m),,,
한샘 HG 화이트 실버슬림 붙박이장(3.2m),,,
한샘 HG 화이트 실버슬림 붙박이장(4.2m),,,
크리스티나앤코 가디건세트,,,
보코 기모 퀼팅 패딩,,,
김정문의 섬진강 재첩국 11팩 3.3kg,,,
그렉노먼 남성 봄 컬렉션 티셔츠 5종,,,
그렉노먼 여성 봄 컬렉션 티셔츠 5종,,,
에르나벨 체크배색 데일리 트렌치코트,,,
헤스티지 그레이스 양가죽 코트,,,
헤스티지 마론 양가죽 남성집업재킷,,,
김병만의 달인 공구 세트,,,
그렉노먼 남성 디보티 컬렉션 트렌치코트 1종,,,
그렉노먼 여성 디보티 컬렉션 트렌치코트 1종,,,
청정수산 완도활전복 大사이즈 20미,,,
국내산 손질갑오징어 9팩,,,
국내산 특大손질갑오징어 6팩,,,
보코 여성 울코트 1종,,,
푸마 드로즈 블랙에디션 패키지,,,
NNF 소프트 베스트 앙상블,,,
코튼데이 유기농 순면 마스크 KF94 60매,,,
"여자를 위한 빨강 팥물, 레드빈 티톡 100포",,,
"여자를 위한 빨강 팥물, 레드빈 티톡 50포",,,
쿠진나이프케어 살균건조기풀세트,,,
엔셀라두스 밴딩팬츠 3종,,,
월드컵 남성다이얼트레킹화세트,,,
월드컵 여성다이얼트레킹화세트,,,
에지리 스텐큐브 프라이팬,,,
베스트 하임 에어프라이어,,,
아키 풀커버 라이크라 레이스 패키지(106차),,,
NNF SS트레이닝 세트,,,
노와 스텐 대용량에어프라이어 4L,,,
CERINI by PAT 남성 스프링 릴렉스 팬츠 3종,,,
헤비추얼 여성 이지라이프 데님팬츠 3종,,,
헤비추얼 남성 이지라이프 데님팬츠 3종,,,
뱅뱅 남성 봄 데님팬츠 3종,,,
뱅뱅 여성 봄 데님팬츠 3종,,,
3인용 한샘 뉴퍼스티지R 리클라이너,,,
4인용 한샘 뉴퍼스티지R 리클라이너,,,
(ARS10%)크로커다일 풀커버 레이스 브라팬티 4세트,,,
테이트 여성 SS 트렌치재킷,,,
테이트 남성 SS 트렌치재킷,,,
에펨 남성 NEW컴포트 캐쥬얼슈즈,,,
에펨 여성 NEW컴포트 캐쥬얼슈즈,,,
남영비비안 소노르 베르사유 노와이어 컬렉션 브라,,,
LG 퓨리케어 공기청정기 AS281DAW,,,
LG 퓨리케어 공기청정기 AS181DAW,,,
LG생활건강 테크 한장빨래 화이트업(30매X9박스),,,
굿프렌드 굿터치클리너 1+1,,,
굿프렌드 굿터치클리너,,,
우리바다 손질왕꼬막 20팩,,,
헤비추얼 여성 트렌치 맥코트,,,
헤비추얼 남성 트렌치 맥코트,,,
2019 S/S 엘리자베스아덴 선글라스 2종,,,
삭루츠 크로스바디 백(TQ12),,,
삭루츠 버켓 백(TQ18),,,
삭루츠 투 웨이 백팩(TQ55),,,
바다먹자 국내산 손질문어 9팩,,,
CERINI by PAT 남성 어반 카라 티셔츠 4종,,,
LG 코드제로 무선청소기 A950 (A958IA) 더블팩,,,
LG 코드제로 무선청소기 A940 (A948SA) 더블팩,,,
LG 코드제로 무선청소기 A930 (A938RA)싱글팩,,,
푸마 언더셔츠 7종 패키지,,,
2019년 올뉴 숀리 스쿼트머신,,,
도스문도스 카이만 엠보 소가죽 핸드백 1종(SS),,,
스프리스 여성 코트 스니커즈,,,
스프리스 남성 코트 스니커즈,,,
아주아 니트 앙상블 2종,,,
푸마 드라이셀 컴포트 탑 레이어 브라탑 4종세트(긴팔형),,,
푸마 드라이셀 브라탑 4종세트(런닝형),,,
푸마 드라이셀 브라탑 4종세트(끈형),,,
LG 울트라HD TV 75UK6200KNB,,,
키친아트 스마트뷰 스텐밀폐용기 20종,,,
키친아트 스마트뷰 스텐밀폐용기 9종,,,
LG 휘센 에어컨 위너 FQ17V8WWJ2(2in1),,,
LG 휘센 에어컨 위너 FQ17V9WWA1(스탠드),,,
LG 휘센 에어컨 위너 FQ17V8WWJ1(스탠드),,,
삼성 블루스카이 공기청정기 7000 AX80R7580WDD,,,
오모떼 프런트후크 프레쉬 데오브라 시즌3,,,
스포메틱스 네츄럴 선스틱,,,
쿠첸19년 신제품  쿠첸 풀스텐 압력밥솥 10인용(A1),,,
쿠첸쿠첸 압력밥솥 6인용 (A1),,,
삼성 무풍슬림 홈멀티  에어컨  AF16R5773WSR,,,
삼성 무풍슬림 스탠드  에어컨  AF16R5773WSK,,,
테이트 여성 티셔츠4종,,,
쿠미투니카 라이크라 보정 레이스멀티팬티,,,
종근당건강 락토핏 생유산균골드 단하루,,,
K-SWISS 남성에어핏트랙수트,,,
K-SWISS 여성에어핏트랙수트,,,
영산포숙성 홍어 13팩,,,
K-SWISS 남성이너티셔츠5종,,,
K-SWISS 여성이너티셔츠5종,,,
K-SWISS 남성 아웃도어 팬츠3종,,,
K-SWISS 여성 아웃도어 팬츠3종,,,
 한샘 하이바스 내추럴 기본형,,,
한샘 하이바스 내추럴 기본형,,,
한샘 하이바스 내추럴 하부장형,,,
한샘 하이바스 내추럴 기본형 + 키큰장,,,
한샘 하이바스 내추럴 하부장 + 키큰장,,,
BBC&IZUMI 레이스런닝 브라 패키지,,,
비버리힐스폴로클럽 남성기초세트(골드+플라),,,
델첸  4in1 텀블러블랜더,,,
스피드랙 베이직 4단,,,
스피드랙 베이직 4단 1+1,,,
베스트하임 더 담백한  에어프라이어 대용량  5.5L,,,
로베르타 디 까메리노 Y밸런스업 지퍼쉐이핑 란쥬,,,
김병만의 정글피싱  낚시세트,,,
[플로쥬] 트윙클 아일렛 스니커즈,,,
컬럼비아 남성 베이스레이어 5종,,,
컬럼비아 여성 베이스레이어 5종,,,
 해피콜 크로커다일 IH 후라이팬,,,
해피콜 크로커다일 IH후라이팬,,,
이만기의 리얼국밥 3종 27팩,,,
월드컵 남성19SS 트레킹화,,,
월드컵 여성19SS트레킹화,,,
[가이거] 무빙스타 다이아몬드 워치,,,
네페르티티 유기농 퀸 석류즙 6박스,,,
제옥스  남성 가죽 스니커즈,,,
제옥스  여성 어글리스니커즈,,,
김병지 거미손 풀확장 일체형 코일카매트,,,
마리끌레르 파리컬렉션 리얼 하이드로 립스틱(2019리뉴얼),,,
리복 스피드윅 드로즈 12종,,,
리복 델타 피트니스 트렁크 8종,,,
리복 스피드윅 런닝 6종,,,
삼성 UHD TV UN55NU7050F,,,
삼성 UHD TV UN65NU7050F,,,
삼성 UHD TV UN75NU7050F,,,
아리스토우 남성오가닉티셔츠,,,
아리스토우 여성오가닉티셔츠,,,
로베르타 디 까메리노 메쉬 프리컷 지퍼브라팬티,,,
더블유베일 소프트 마카롱 니트 5종,,,
제옥스  남성 가죽 스니커즈(V),,,
제옥스  여성 어글리스니커즈(V),,,
[살롱클리닉]샤이닝 트리트먼트 헤어컬러크림세트,,,
올리고 가스와이드그릴  프리미엄형,,,
에이유플러스 슈퍼선스틱 1001(쇼퍼백),,,
푸마 코튼 언더탑 9종,,,
LG생활건강 건조기 시트 퍼퓸드몽드,,,
[본죽] 그때 그 쇠고기 장조림 세트(총 13팩),,,
디키즈 윈드브레이커1종,,,
파뷔에 항균도마 1+1세트,,,
삼성 5도어 냉장고 H9000 RH81M8011S9,,,
삼성 엑티브워시 세탁기14kg WA14N6781TG,,,
크로커다일 감탄 레이스 브라렛 패키지,,,
"밀싹 클렌즈 8박스, 8주분! + 전용보틀",,,
디키즈 성인 스테디움점퍼세트,,,
디키즈 아동 스테디움점퍼세트,,,
CERINI by PAT 남성 캐주얼 셔츠 4종,,,
LG스타일러 의류관리기  (5벌)S5BB,,,
LG스타일러 의류관리기,,,
스텔라테일러 컴포트 스트레치 팬츠 3종,,,
19년 신제품  쿠첸 풀스텐 압력밥솥 10인용(A1),,,
쿠첸 압력밥솥 6인용 (A1),,,
피시원 국내산 손질꽃게 7팩,,,
보루네오 유로탑 가죽 침대 슈퍼싱글,,,
보루네오 유로탑 가죽 침대 퀸,,,
보루네오 유로탑 가죽 침대 킹,,,
19 SS USPA  남성 화이트라벨 폴로셔츠 3종,,,
19 SS USPA  여성 화이트라벨 폴로셔츠 3종,,,
메디컬드림 롤링마사지기 (KMD-970),,,
레코바 남성 다이얼워킹화세트,,,
레코바 여성 다이얼워킹화세트,,,
스포메틱스 트리플 샤이닝 쿠션(이데베논앰플),,,
해피콜 아르마이드 IH 냄비,,,
 해피콜 아르마이드 IH 냄비,,,
오렐리안 풍기인견 란쥬패키지,,,
로베르타 디 까메리노 수피마 코튼 프리컷 브라팬티,,,
트레스패스 여성 다이얼 트레킹화 세트,,,
트레스패스 남성 다이얼 트레킹화 세트,,,
뷰티플렉스 풍기인견 브라탑패키지,,,
[안드레아바나]리얼카이만 악어 토트백,,,
[안드레아바나]리얼카이만 악어 바디 숄더백,,,
[안드레아바나]리얼카이만 악어 테일 숄더백,,,
실크트리 풍기인견 데일리 쿨 이지탑 패키지,,,
"속초명물 티각태각 부각 6종, 30봉",,,
뱅뱅 남성 아웃도어 팬츠3종(2019 S/S),,,
뱅뱅 여성 아웃도어 팬츠3종(2019 S/S),,,
레이프릴 쿨 보정런닝,,,
삭루츠 크로스바디백(TQ12),,,
삭루츠 토트백(TQ35),,,
보몽드 순면60수 피그먼트워싱 침구세트 SS,,,
보몽드 순면60수 피그먼트워싱 침구세트 Q,,,
보몽드 순면60수 피그먼트워싱 침구세트 K,,,
영광 生 모시떡 100개!!(동부기피70개+검정깨30개),,,
영광 生 모시떡 90개+찰보리식혜(동부기피70개+검정깨20개),,,
시크릿 라메종 볼륨 스프레이 (고데기),,,
보코 배색 사파리재킷,,,
전기식 회전통그릴 드럼쿡,,,
유귀열의 귀한 갓김치3kg+총각김치3kg (총6kg),,,
카파 드로즈 패키지 10종,,,
카파 트렁크 패키지 7종,,,
카파 런닝 패키지 7종,,,
헤드 언더셔츠 6종패키지,,,
헤드 파이로라이트 드로즈 10종 패키지,,,
헤드 파이로라이트 트렁크 8종 패키지,,,
장수흙침대 S,,,
장수흙침대 Q,,,
썸덱스 클레오 여행가방 9종세트,,,
쿠미투니카 쿨 레이시 란쥬쉐이퍼&팬티,,,
[한샘] 호텔식 레일 암막커튼 세트(중형),,,
[한샘] 호텔식 레일 암막커튼 세트(대형),,,
[한샘] 호텔식 레일 암막커튼 세트(특대형),,,
[한샘] 호텔식 레일 암막커튼 세트(슈퍼특대형),,,
리앤코리아 순면 볼륨 카페트 세트(중형),,,
리앤코리아 순면 볼륨 카페트 세트(대형),,,
리앤코리아 순면 볼륨 카페트 세트(특대형),,,
송도순의 2세대 홈밀맷돌,,,
경남제약 레모나 S산 350포,,,
월드컵 남성러닝화+트레킹화,,,
월드컵 여성러닝화+트레킹화,,,
매직쉐프 10리터 듀얼쿡 에어프라이어,,,
최인선 셰프의 듬뿍 곤드레나물밥 16인분,,,
LG 휘센 씽큐 에어컨 2IN1형 FQ17V9KWA2,,,
LG 휘센 씽큐 에어컨 스탠드형FQ17V9KWA1,,,
남영비비안 소노르 퀸 컬렉션 프리미엄 브라,,,
테이트 남성 오가닉티셔츠6종,,,
테이트 여성 오가닉티셔츠8종,,,
NEW프리미엄 TS샴푸세트(추가),,,
NEW프리미엄 TS샴푸/트리트먼트(추가),,,
[DIOR] 선글라스 (SIDERAL),,,
아키 라이크라 노와이어 브라 컬렉션(뉴아키 23차),,,
국내산 손질 가자미 36미!,,,
그렉노먼 남성 아스킨 레이어 티셔츠 3종,,,
그렉노먼 여성 아스킨 레이어 티셔츠 3종,,,
뷰티플렉스 풍기인견 란쥬패키지,,,
뷰티플렉스 풍기인견 브라패키지,,,
K-SWISS 남성PK티셔츠4종,,,
K-SWISS 여성PK티셔츠4종,,,
프랑스직수입  테팔 매직핸즈 프라이팬세트,,,
벨레즈온 브라캡 심리스 원피스 패키지,,,
초특가  파뷔에 팬지 대형 후라이팬 세트,,,
[바다원] 더 그릴 3종 아구채4팩+양태채2팩+쥐포채2팩 + 소스8팩,,,
쓰임 마리벨 4인 홈세트 27P,,,
초특가)에버라스트 드로즈 10+4종,,,
보코 에스닉 앙상블,,,
종근당건강 락토핏 생유산균골드,,,
도스문도스 카이만 엠보 소가죽 토트백 1종,,,
도스문도스 카이만 엠보 소가죽 체인 숄더백 1종,,,
2019 S/S 로베르타 디 까메리노 선글라스,,,
효재 자수 광목 워싱 침구세트 슈퍼싱글,,,
효재 자수 광목 워싱 침구세트 퀸,,,
효재 자수 광목 워싱 침구세트 킹,,,
AAB의 소곱창전골 800g x 8팩,,,
[보루네오] 피올레 천연소가죽 소파 3인용,,,
[보루네오] 피올레 천연소가죽 소파 4인용,,,
[보루네오] 피올레 천연소가죽 소파 6인용,,,
프라다 테스토 레터링 버킷백,,,
프라다 비텔로 피닉스 토트백,,,
프라다 투웨이백,,,
프라다 테스토 크로스백,,,
프라다 자카드 토트백,,,
대우전자 벽걸이 에어컨 DOZ-S06JK,,,
대우전자 벽걸이 에어컨TDOZ-S10JK,,,
대우전자 벽걸이 에어컨 TDOZ-S10JK,,,
젠트웰 남성 스트레치 팬츠 2종,,,
청정수산 완도활전복세트(20미+간장전복장2통),,,
2019 S/S 기라로쉬 올인원 선글라스,,,
그렉노먼 여성 폴로셔츠 5종,,,
헤비추얼 남성 썸머 쿨라이프 데님 3종,,,
헤비추얼 여성 썸머 쿨라이프 데님 3종,,,
푸마 남아 주니어 기능성 데일리 홈웨어세트,,,
푸마 여아 주니어 기능성 데일리 홈웨어세트,,,
에버라스트 드로즈 10+4종,,,
[맛있는 제주]손질 생선 3대세트(광어+갈치+고등어),,,
 [맛있는 제주]손질 생선 3대세트+흑돼지구이(광어+갈치+고등어,,,
2019년형 글라스락 퍼플클래식 유리밀폐용기 1+1세트(16조+4조),,,
2019년형 글라스락 퍼플  클래식 유리밀폐용기세트 (8조),,,
뉴질랜드 초록입홍합 환 100%,,,
크리스티나앤코 로브앙상블세트,,,
리큅 블렌더 RPM CUBE,,,
오모떼 쉐이핑차 브라팬티 10종,,,
테이트 남성 모달 티셔츠5종,,,
테이트 여성 모달 티셔츠6종,,,
마르엘라로사티 휘메일 풀스킨 밍크 후드코트,,,
오모떼 레이스홀릭 시즌5 브래팬티10종,,,
로베르타 디 까메리노 아쿠아마레 백팩 5종세트,,,
실크트리 풍기인견 쿨란쥬 패키지(19SS),,,
뱅뱅 남성 썸머 데님팬츠 3종(2019 S/S),,,
뱅뱅 여성 썸머 데님팬츠 3종(2019 S/S),,,
한샘 모데나 프리미엄 슬라이딩 붙박이장(2.2m),,,
한샘 모데나 프리미엄 슬라이딩 붙박이장(3.2m),,,
한샘 모데나 프리미엄 슬라이딩 붙박이장(4.2m),,,
마르엘라로사티 썸머 레이스 블라우스 3종,,,
모리츠 에어 서큘레이터 1종,,,
오렐리안 풍기인견 원피스 2종세트,,,
거미손 차량용 공기청정기,,,
보몽드 샐비어 시어서커 리플 침구세트 SS,,,
보몽드 샐비어 시어서커 리플 침구세트 Q,,,
보몽드 샐비어 시어서커 리플 침구세트 K,,,
젠트웰 스트레치 통풍 메쉬 자켓 1종,,,
USPA  남성 폴로셔츠 위켄드 컬렉션 3종,,,
USPA  여성 폴로셔츠 위켄드 컬렉션 3종,,,
USPA  남성 아동 반팔 폴로셔츠 3종,,,
USPA  여성 아동 반팔 폴로셔츠 3종,,,
CERINI by PAT 남성 여름 에어윈디 릴렉스 팬츠 3종,,,
코몽트 남성 이너티셔츠 7종,,,
릴리젼 PK 남성 티셔츠세트,,,
릴리젼 PK 여성 티셔츠세트,,,
이누스바스 시공패키지,,,
뉴욕맘 순면100% 목화솜행주,,,
보코 썸머 풀코디 2종,,,
스포메틱스 그린 네츄럴 선쿠션,,,
보코 메쉬 아이스 풀코디,,,
에지리 법랑 냄비세트,,,
 한샘 키친바흐 IH 프라이팬,,,
쿠진 통구이 스핀 바비큐 그릴,,,
NNF 와이드데님팬츠 2종,,,
마이베비 보온보냉 캔틴 텀블러 풀세트,,,
사용불가미리구운 자연산 바다장어 9팩,,,
오모떼 미라클쉐이핑 브라팬티 시즌3,,,
실크플러스 by 투홀릭 풍기인견 트렁크 패키지,,,
실크플러스 by 투홀릭 풍기인견 드로즈 패키지,,,
에이온에이 10분 셀프뿌리퍼머,,,
아가타 썸머 샌들세트,,,
휴롬 쁘띠2 착즙기,,,
레이프릴 풍기인견 복부 쉐이핑 거들팬티 10종,,,
라라쎄 쉬폰 롤업재킷 2종 세트,,,
[가격인하]전철우 소갈비살구이 10팩,,,
타운젠트 남성 썸머 정장팬츠3종,,,
2019 USPA 남성 썸머 화이트라벨 폴로셔츠 3종,,,
2019 USPA 여성 썸머 화이트라벨 폴로셔츠 3종,,,
CERINI by PAT 남성 썸머 쿨 카라 티셔츠 5종,,,
디키즈 썸머상하세트,,,
푸마 DRY-CELL 와이드 풀컵 브라팬티 7세트(14종),,,
캐리어 벽걸이에어컨 6형 ARC06NQT,,,
캐리어 벽걸이에어컨 7형 ARC07VBC,,,
한일 자동 빨래 삶통 BW-700,,,
크리스티나앤코 썸머플리츠세트,,,
실크트리 풍기인견 쿨 메쉬 브라팬티 패키지,,,
남영비비안 로즈버드 시그니처 볼륨 보정 브라패키지,,,
완벽더블구성 바로톡 싱크대 거름통,,,
기본구성 바로톡 싱크대 거름통,,,
오스터 멀티 텀블러블랜더,,,
오스터 멀티  텀블러 블랜더,,,
코치 노리타 리스틀릿,,,
코치 아웃라인 파일백,,,
코치 시그니처 숄더백,,,
코치 시그니처 켈시 사첼,,,
쿠쿠 블랙스톤 전기밥솥 10인용,,,
쿠쿠 블랙스톤 전기밥솥 6인용,,,
  뉴트리원 다이어트 구미,,,
디비노 선글라스 세트,,,
푸마 언더셔츠 7종 패키지(1-1차),,,
에펨 남성 소가죽 체인지 샌들,,,
에펨 여성 글로스 샌들,,,
오모떼 프런트후크 프레쉬 데오브라 시즌4,,,
레이프릴 퍼펙트 핏 란쥬패키지,,,
썸덱스 쉬룰 데일리 백팩 5종 세트,,,
대웅모닝컴 굿템 스탠드선풍기2대,,,
썸덱스 트로이카 여행가방 10종세트,,,
""" 100%리얼 착즙 석류 "", 총 4박스",,,
이지스 자외선 마스크 세트,,,
레이프릴 풍기인견 힐링 란쥬,,,
코몽트 남성스포츠 팬츠3종,,,
젠트웰 남성 쿨 썸머 티셔츠 4종,,,
코펜하겐럭스 세미와이드팬츠,,,
파뷔에 항균도마 1+1+칼세트,,,
월드컵 남성 러닝화+슬리퍼,,,
월드컵 여성 러닝화+슬리퍼,,,
삭루츠 크로스바디백(TQ11),,,
삭루츠 호보백(TQ48),,,
삭루츠 더플백(여행가방)(TQ49),,,
"이경제원장의 더 힘찬 선식 100, 13박스+쉐이커통",,,
마르엘라로사티 쿨썸머 데님 3종,,,
코몽트 남성 이너티셔츠6종,,,
비버리힐스폴로클럽 남성기초세트(플라센타아이크림+선크림),,,
CERINI by PAT 남성 에어 카타티셔츠 4종,,,
한샘 페이지 리클라이너 소파(3인용),,,
한샘 페이지 리클라이너 소파(4인용),,,
아키 풀커버 라이크라 레이스 패키지(106차)(랜덤2세트추가),,,
메이듀 남성 린넨 블렌디드 슬립온,,,
메이듀 여성 린넨 블렌디드 슬립온,,,
삼익가구 어블러 LED 멀티 수납형 침대 슈퍼싱글,,,
삼익가구 어블러 LED 멀티 수납형 침대 퀸,,,
삼익가구 어블러 LED 멀티 수납형 침대 킹,,,
닥터 프리바이오틱스 플러스,,,
바바코코 젤네일스트립 SET,,,
댄스킨 매쉬 풀커버 쉐이핑 브라패키지,,,
오모떼 쉐이핑 브라팬티 10종,,,
실크트리 풍기인견 이지웨어 원피스 패키지,,,
"[광동제약] 석류 100, 총 5박스",,,
[라쉬반］FC바로셀로나 에디션 드로즈SET,,,
실크트리 풍기인견 썸머 풀코디 이지웨어세트,,,
배관청소용품 뚜러킹 세트,,,
마르엘라로사티 린넨 베스트 세트,,,
마르엘라로사티 썸머 와이드 팬츠 3종,,,
(삼성카드 6월 5%)LG 울트라HD TV 75UK6200KNB,,,
LG 휘센 싱큐 에어컨 2IN1형 FQ19V9KWA2,,,
LG 휘센 씽큐 에어컨 스탠드형FQ19V9KWA1,,,
뷰티플렉스 풍기인견 원피스 2종,,,
자올 닥터스오더 탈모 부스터&샴푸,,,
단하루 종근당건강 프로메가 오메가3 파워+비타민D,,,
궁중 해물철판 10팩,,,
파격가 노비타 스마트 비데 무료설치,,,
유귀열의 The 귀한 꼬리곰탕 8팩,,,
오모떼 데오 쿨 란쥬쉐이퍼 8종,,,
시스마르스 보헤미안 소가죽 샌들+뮬 슬리퍼,,,
헤비추얼 남성 썸머 쿨라이트 데님 3종,,,
헤비추얼 여성 썸머 쿨라이트 데님 3종,,,
소들녘 소 갈비탕 10팩,,,
NNF 쉬폰 썸머 앙상블세트,,,
하동 유기농처음매실원액 6통,,,
타운젠트 남성 스포츠팬츠3종,,,
보코 여성 티 블라우스 3종,,,
CERINI by PAT 남성 에어 카라티셔츠 4종,,,
헤스티지 린넨블랜딩 티블라우스 5종,,,
엘렌실라 그린 에너지 썬스틱7,,,
뱅뱅 남성 아웃도어 팬츠3종(2018 S/S),,,
뱅뱅 여성 아웃도어 팬츠3종(2018 S/S),,,
마르엘라로사티 나파 휘메일 풀스킨 밍크하프코트 1종,,,
알렉스하운드 썸머 기능성 멀티웨어 6종,,,
K-SWISS 남성PK티셔츠4종(6월),,,
K-SWISS 여성PK티셔츠4종(6월),,,
LSX라이크라 스포츠 브라팬티10종,,,
보몽드 엘사 자수 쿨 시어서커 침구세트 SS,,,
보몽드 엘사 자수 쿨 시어서커 침구세트 Q,,,
보몽드 엘사 자수 쿨 시어서커 침구세트 K,,,
보몽드 엘사 자수 쿨 시어서커 침구세트 SK(슈퍼킹),,,
리복 델타 피트니스 드로즈 12종,,,
보코 쿨썸머 메쉬 앙상블,,,
월드컵 남성트레일화+슬립온,,,
월드컵 여성 트레일화+슬립온,,,
어반시크릿 썸머 풀코디 3종세트,,,
레드캠프 남성 썸머 기능성 셔츠 7종 패키지,,,
레드캠프 여성 썸머 기능성 셔츠 7종 패키지,,,
오가닉뷰티 쿨 번아웃 레이스 란쥬세트,,,
유귀열의 The 귀한 능이 누룽지삼계탕 8팩,,,
크로커다일 에어스킨 감탄브라 패키지(CD19차),,,
오델로 여성 모자 3종,,,
쿠미투니카 코르셋 하이웨스트 팬티세트,,,
오렐리안 풍기인견 란쥬패키지(7월),,,
푸마 썸머 드로즈 패키지,,,
푸마 썸머 트렁크 패키지,,,
헤드 액티브 브라탑 패키지,,,
보루네오 루나시즌2 유로탑 멀티수납형 LED침대 슈퍼싱글,,,
보루네오 루나시즌2 유로탑 멀티수납형 LED침대 퀸,,,
보루네오 루나시즌2 유로탑 멀티수납형 LED침대 킹,,,
[가이거] 블랙 에디션 다이아몬드 워치(여성용),,,
[가이거] 블랙 에디션 다이아몬드 워치(남성용),,,
자미코코 3단 매트릭스 싱글,,,
자미코코 3단 매트릭스 더블,,,
메이듀 코튼 티블라우스 5종,,,
프라다 듀엣 선글라스,,,
프라다 자카드 카메라 크로스백,,,
프라다 더블지퍼 크로스백,,,
프라다 테스토 탑핸들 토트 숄더백,,,
프라다 탑핸들 토트 숄더백,,,
프라다 자카드 토트 숄더백,,,
매직쉐프 플랫타입 전자레인지,,,
리복 델타 언더셔츠 6종 패키지,,,
휴롬퀵스퀴저,,,
휴롬 퀵스퀴저,,,
아이넥스 솔리드 멀티 식기건조대,,,
국내산 손질 병어 26미,,,
이경제의 황제진액 철갑상어 120포,,,
)헤드 언더셔츠 6종패키지(7월),,,
코치 리스틀릿,,,
코치 베네트 사첼백,,,
코치 미네타 크로스바디백,,,
코치 엠마 사첼백,,,
코치 시그니처 켈시 사첼백,,,
에코바이런 호주 원목 캄포도마 3종세트,,,
에코바이런 호주 원목 대형 캄포도마 1종,,,
도스문도스 카이만 엠보 소가죽 핸드백 1종(역시즌),,,
"유귀열의 The 귀한 갓김치3kg+열무김치3kg, 총6kg",,,
웰스락 원터치 슬라이드 특허  밀폐용기세트,,,
엘렌실라 에스까르고에센스 커버쿠션,,,
레이프릴 핏 쿨 브라패키지,,,
마스케라 썸머 컬렉션 4종(모자 2종 + 핸드백 1종 + 스카프 1종),,,
코몽트 남성 메쉬티셔츠 7종,,,
안지 청풍 대자리,,,
뱅뱅 남성 크롭 아웃도어 팬츠3종(2019 S/S),,,
뱅뱅 여성 크롭 아웃도어 팬츠3종(2019 S/S),,,
(세일20%)푸마 언더셔츠 7종 패키지(1-1차),,,
레이프릴 네추럴 쿨 쉐이핑 브라패키지,,,
LG전자 휴대용 퓨리케어 미니 공청기,,,
AAD 소가죽 투웨이 샌들,,,
삼성 무풍클래식 홈멀티에어컨 AF17R7573WZR,,,
삼성 무풍클래식 스탠드에어컨 AF17R7573WZK,,,
삼성 무풍클래식 홈멀티에어컨 AF19R7573WZR,,,
삼성 무풍클래식 스탠드에어컨 AF19R7573WZK,,,
삼성 무풍클래식 스탠드에어컨AF19R7573WZK,,,
AAD 여성 소가죽 구름 샌들,,,
AAD 남성 소가죽 구름 샌들,,,
키친플라워 그린 후레쉬 세트,,,
"창녕 마늘양파듬뿍삼계탕 1kg, 6팩",,,
하우홈 초고속 진공쿠킹블렌더,,,
리복 스피드윅 에어리라이트 브라 & 숏츠 패키지,,,
am마카롱 보냉보온 텀블러세트,,,
레노마 우/양산 2종세트,,,
남영비비안 로즈버드 듀얼윙 스킨 보정 브라패키지,,,
두꺼비 매직 버블수세미400매 + 곰팡이젤2개,,,
두꺼비 매직 버블수세미200매 + 곰팡이젤1개,,,
루이띠에 순금 샤이닝 러브 목걸이 35g+골드바 1g,,,
루이띠에 순금 샤이닝 러브 팔찌 35g+골드바 1g,,,
루이띠에 순금 크로스 트리플 목걸이 18g+골드바 1g,,,
루이띠에 순금 크로스 트리플 팔찌 18g+골드바 1g,,,
루이띠에 순금 미라클 트리플 링 15g+골드바 1g,,,
루이띠에 순금 신디스틱 목걸이 13g+골드바 1g,,,
루이띠에 순금 신디스틱 팔찌 13g+골드바 1g,,,
디키즈 썸머숏팬츠3종,,,
1세트 믹서를 품은 텀블러,,,
2세트 믹서를 품은 텀블러,,,
EXR 남성 워터 액티비티 5종,,,
EXR 여성 워터 액티비티 5종,,,
카파 드로즈 패키지 10종(3차),,,
코몽트 남성 프린트티셔츠8종,,,
월드컵 여성 에어러닝화+아쿠아트레킹화,,,
월드컵 남성 에어러닝화+아쿠아트레킹화,,,
참존 탑뉴스 지이링클 기초세트,,,
 국내제조 오슬로 IH 프라이팬 세트,,,
"황토방 청도 감말랭이 30봉+무료체험1봉, 총 31봉",,,
LG 울트라HD TV 75UK7400KNA,,,
2019년 타이거 충전식 무선 예초기,,,
 2019년 타이거 충전식 무선 예초기,,,
2019년 타이거 충전식 무선 예초기+배터리 1개,,,
효재 화원 자수 광목워싱 침구세트 킹,,,
효재 화원 자수 광목워싱 침구세트 퀸,,,
효재 화원 자수 광목워싱 침구세트 슈퍼싱글,,,
티젠 히비스커스 분말,,,
안타고 만능 가스그릴,,,
쿠쿠전기밥솥 10인용(CRP-QS107FG/FS),,,
쿠쿠전기밥솥 10인용 (QS),,,
쿠쿠전기밥솥 6인용(QS),,,
 쿠쿠전기밥솥 6인용(QS),,,
라쉬반 뉴트로 에어 에디션 드로즈 패키지,,,
라쉬반 레알마드리드 에디션 드로즈 패키지,,,
팜스프링스 19 SS 남성 여름 쿨팬츠 4종,,,
팜스프링스 19 SS 여성 여름 쿨팬츠 4종,,,
뉴욕맘 항균 수세미,,,
몬테밀라노 크루즈 이지웨어 패키지,,,
디즈니 19 SS 반팔스웻티셔츠  6종,,,
생줄랑 14K 글로리아 목걸이 컬렉션 8종,,,
푸마 DRY-CELL 에센셜 브라팬티 7세트(복합구성),,,
푸마 DRY-CELL 에센셜 브라팬티 7세트(스킨구성),,,
대동모피 19 F/W 폭스 베스트,,,
헤스티지 미즈 양가죽 롱코트,,,
깐깐송도순 포기김치 10kg,,,
깐깐송도순 포기김치 8kg+ 백김치 2kg,,,
이동수골프 남성 썸머 밴딩팬츠 3종,,,
이동수골프 여성 썸머 밴딩팬츠 3종,,,
스포메틱스 트리플 샤이닝 쿠션시즌1,,,
헤드 파이로라이트 드로즈 10종 패키지(7월),,,
헤드 파이로라이트 트렁크 8종 패키지(7월),,,
이지엔 슬라이더 지퍼백,,,
임성근의 녹용도가니탕 풀세트,,,
LG전자 노크온 매직스페이스 냉장고 S831SN75,,,
오델로 2019 여성용 여름모자 3종,,,
마리노블 밍크 롱코트(역시즌),,,
[루이띠에] 18K 베르니아 주얼리 세트,,,
[루이띠에] 18K 베르니아 목걸이 팔찌 세트,,,
[루이띠에] 18K 베르니아 팔찌 반지 세트,,,
[루이띠에] 18K 베르니아 목걸이,,,
[루이띠에] 18K 베르니아 팔찌,,,
[루이띠에] 18K 베르니아 귀걸이,,,
[루이띠에] 18K 베르니아  반지,,,
뷰티플렉스 풍기인견 원피스 2종(8월),,,
푸마 DRY-CELL 퓨징 슬림라이트 브라 패키지,,,
바로바로 무선청소기+필터 1개 추가,,,
광동 장건강엔 생유산균,,,
삼성 4도어 푸드쇼케이스 냉장고 RH81R8011G2 (+선풍기),,,
3D매쉬  냉수마찰  물매트,,,
마리노블 밍크 퍼 베스트(역시즌),,,
크리스티나앤코 썸머플리츠세트(8월),,,
[] 가이거 무빙스타 다이아몬드 워치+보석함,,,
로베르타 디 까메리노 풀 바스트 업 지퍼브라팬티,,,
오모떼 쉐이핑 브라팬티 10종(7월),,,
보코 풍기인견 블라우스,,,
해피콜IH양면팬,,,
해피콜  IH 진공 스텐 냄비,,,
오가닉뷰티 쿨 번아웃 레이스 브라세트,,,
유귀열의 The 귀한 한우 한판 12팩,,,
마르엘라로사티 휘메일 풀스킨 하이넥 밍크코트 1종,,,
생쥴랑 14K 베스트 귀걸이 5종 컬렉션 (14K골드 5종),,,
프라다 투브릿지 선글라스,,,
프라다 비텔로 피닉스 모터백,,,
프라다 비텔로 피닉스 보스턴,,,
프라다 미란다백,,,
프라다 테스토 호보백,,,
골드파일 카로 여행가방 9종 세트,,,
AAB의 든든한 콩국수,,,
라라츄 틴트 아이브로우 바,,,
레이프릴 오가닉 코튼 보정팬티 12종,,,
프라다 피닉스 토트 숄더백,,,
프라다 사피아노 스퀘어백,,,
프라다 테스토 체인 쇼퍼백,,,
프라다 테스토 지퍼 토트백,,,
에코라믹 모던 IH 냄비 세트,,,
오렐리안 풍기인견 원피스 2종세트(8월),,,
서장훈의 락앤락 칼도마 살균블럭,,,
100%리얼착즙석류 4박스,,,
푸마 드라이셀 브라탑 4종세트(런닝형)(8월),,,
삼성노트북 북5NT550EBE-K34W(복합기+스피커),,,
"삼성노트북 북5 NT550EBE-K38B,W(복합기+스피커)",,,
헤스티지 린넨블랜딩 티블라우스 10종,,,
[루이띠에] 18k 인피니티러브 주얼리 세트,,,
[루이띠에] 18k 인피니티러브 목걸이 팔찌 세트,,,
[루이띠에] 18k 인피니티러브 팔찌 반지 세트,,,
[루이띠에] 18k 인피니티러브 목걸이,,,
[루이띠에] 18k 인피니티 러브 팔찌,,,
[루이띠에] 18k 인피니티 러브 귀걸이,,,
[루이띠에] 18k 인피니티 러브 반지,,,
LG전자 로보킹 터보 R46RIM,,,
프라다 비텔로 라운드 토트 숄더백,,,
이정섭의 비가린 배추김치 10kg,,,
도루코 페이스5 면도기 세트 (1+1세트),,,
도루코 페이스5 면도기 세트 (1세트),,,
도루코 페이스5 면도날 4개입,,,
오모떼 미라클쉐이핑 브라팬티 시즌4,,,
오모떼 레이스홀릭 시즌5 브라팬티10종(8월),,,
현대어찬 손질갈치,,,
에코라믹 데일리 프라이팬 1+1 세트,,,
에코라믹 데일리 프라이팬세트,,,
하림뼈없는양념닭발세트,,,
노송가구 제이드 비취 교자상(600),,,
노송가구 제이드 비취 교자상(800),,,
노송가구 제이드 비취 교자상(900),,,
노송가구 제이드 비취 꽃상감 교자상(900),,,
알비에로 마르티니 1A클라쎄 지오맵 울실크 스카프,,,
알비에로 마르티니 1A클라쎄 스퀘어 마일드 크로스 백,,,
알비에로 마르티니 1A클라쎄 소프트 메디오백,,,
알비에로 마르티니 1A클라쎄 버킷 드로잉 백,,,
알비에로 마르티니 1A클라쎄 지오맵 호보백,,,
알비에로 마르티니 1A클라쎄 프리다 숄더백,,,
AAD 도트펀칭 컴포트 슬립온,,,
예천청결 고춧가루 2kg,,,
로베르타 디 까메리노 에어 라이트 업 프론트 후크 브라팬티,,,
하늘내린 용대리황태10마리,,,
뷰티플렉스 풍기인견 란쥬패키지(8월),,,
뷰티플렉스 풍기인견 브라패키지(8월),,,
궁중 손질새우 200미 + 동태포 400g,,,
영광 生 모시떡 130개(동부기피80개+검정깨50개),,,
삼성 파워모션 청소기 VC44M3150LB,,,
NNF SS트레이닝 세트(8월),,,
[페플럼제이] 19Fall' 시그니처 수트+베스트 컬렉션 3종 set,,,
벨라홈 2way  타퍼 꿀잠 매트리스 퀸 세트,,,
벨라홈 2way  타퍼 꿀잠 매트리스  싱글 세트,,,
벨라홈 2way  타퍼 꿀잠 매트리스  퀸+ 싱글 세트,,,
에코라믹 통주물 스톤 냄비세트 (new),,,
코지마 안마의자 오딧세이,,,
오가닉뷰티 프레쉬 코튼 맥시 팬티 10종 패키지,,,
[유리진] 19Fall 코튼블렌딩 실켓티블라우스5종,,,
유귀열의 The 귀한 치마살,,,
영산포숙성 홍어 9팩,,,
쿠쿠 블랙스톤 전기밥솥 10인용(세,,,
쿠쿠 블랙스톤 전기밥솥 6인용(세,,,
프리바이오틱스 3300 12박스(12개월분),,,
[페플럼제이] 19Fall' 시그니처 밴딩팬츠 4종,,,
퀸메이드 제로 청소기,,,
코치 플라이트백,,,
코치 아이비 메신저 크로스백,,,
코치 앤디 백팩,,,
생쥴랑 18K 베니스 주얼리 컬렉션 11종,,,
LG전자 코드제로 청소기 A978SA.AKOR,,,
엘로엘 아쿠아클린 마스크,,,
디베이지 모크넥 니트 티블라우스 5종,,,
김선영 정성한끼 LA갈비 6팩,,,
실크테라피 오리지널 에센스 패키지,,,
[페플럼제이] 19Fall' 소프트 루즈 니트 풀오버 4종,,,
헤드 풀커버리지 브라팬티 패키지,,,
명인 김규흔의 영양 강정바 60개+무료체험5개,,,
피시원 국내산 햇 손질문어 8팩,,,
블루콤 데시벨 블루투스이어폰 BCS-S1000,,,
블루콤 데시벨 블루투스이어폰 BCS-A1,,,
D)LG생활건강 히말라야 핑크솔트 화이트라벨 치약세트,,,
칼리베이직 2019 패브릭 백 4종 (시즌 3),,,
고칼슘검은콩두유48팩+호두아몬드 두유48팩,,,
피시원 국내산 절단 햇 꽃게 7팩,,,
유귀열의 The귀한 소한마리찜 7팩+무료체험1팩,,,
로베르타 디 까메리노 쿨메쉬 지퍼란쥬 패키지,,,
모나코사놀,,,
리얼니파팜 해죽순,,,
참바다손질낙지100미+양념장+연포탕육수,,,
잔다리 전두부세트,,,
[VONIN]보닌 남성기초세트,,,
브람스안마의자 럭셔리,,,
CERINI by PAT 남성 어반 카라 티셔츠 4종(8월),,,
ALL New 파워스윙 물걸레 진공청소기,,,
아가타 소가죽 데이쿠션로퍼,,,
트레스패스 남성 에어 워킹화 + 러닝화 2종,,,
트레스패스 여성 에어 워킹화 + 러닝화 2종,,,
비버리힐스폴로클럽 남성기초세트(골드+콜라겐),,,
캐치온 수퍼나인 블랙박스(2CH),,,
캐치온 수퍼나인 블랙박스(1CH),,,
디즈니 여성 트랙수트 5종,,,
디즈니 남성 트랙수트 5종,,,
파뷔에 항균 뱀부 식기건조대,,,
푸마 프레쉬 미들 드로즈 패키지,,,
푸마 시그니처 코튼 트렁크 패키지,,,
오모떼 360도 텐션업 레이스 패키지 시즌5,,,
시크릿뮤즈 커버팩트,,,
로벤탈 국내산  IH 실버팬 세트 (가격인하),,,
에델코첸 컬러스텐냄비 3종세트 (전골구성),,,
에델코첸 컬러스텐냄비 3종세트 (곰솥구성),,,
 니봇 진공+ 물걸레 듀얼 로봇청소기,,,
[루이띠에] 18k 그레이스 골드 주얼리 세트,,,
[루이띠에] 18k 그레이스 골드 목걸이팔찌 세트,,,
[루이띠에] 18k 그레이스 골드 팔찌반지 세트,,,
[루이띠에] 18k 그레이스 골드 목걸이,,,
[루이띠에] 18k 그레이스 골드 팔찌,,,
[루이띠에] 18k 그레이스 골드 귀걸이,,,
[루이띠에] 18k 그레이스 골드 반지,,,
19년 멋진밥상 흥양농협 햅쌀 20kg,,,
바치 소가죽 기능성 마술벨트,,,
아미니 비노테라 오일 워시(구성1),,,
아미니 비노테라 오일 워시(구성2),,,
구찌 더블G 오버 선글라스,,,
목우촌 1등급 오리로스 18팩,,,
아가타 골든 마스터 2종 (펌프스1종+플랫슈즈1종),,,
SK매직 파워워시 식기세척기 터치온,,,
월드컵 남성 트레킹화 + 에어러닝화 2종,,,
월드컵 여성 트레킹화 + 에어러닝화 2종,,,
삼성 UHD TV UN55RU7150FXKR,,,
삼성 UHD TVUN55RU7150FXKR,,,
삼성 UHD TV UN65RU7150FXKR,,,
삼성 UHD TV UN75RU7150FXKR,,,
삼성 UHD TVUN75RU7150FXKR,,,
[2세트] 중외신약 빠르카 통증패치,,,
[1세트] 중외신약 빠르카 통증패치,,,
에트로 알마 라운드 크로스백 (1H898-8063),,,
에트로 아르니카 크로스백 (1H503-2388),,,
에트로 뉴컬러 숄더백  (1E552),,,
에트로 아르니카 토트백 (1H963-2734),,,
에트로 프로푸미 숄더 & 크로스백 (1495-24-192),,,
에트로 프로푸미 크로스백 (1493-24-192),,,
에트로 프로푸미  웨이스트백 (333-24-192),,,
보몽드 엘리 소프트플란넬 침구세트 SK(슈퍼킹),,,
보몽드 엘리 소프트플란넬 침구세트 K(킹),,,
보몽드 엘리 소프트플란넬 침구세트 Q(퀸),,,
보몽드 엘리 소프트플란넬 침구세트 SS(슈퍼싱글),,,
임페리얼 남성 스트레치팬츠 3종,,,
임페리얼 여성 스트레치 팬츠 3종,,,
킹스스파 편백 반신욕기,,,
마리끌레르 파리컬렉션 리얼 하이드로 립스틱(마스카라),,,
LG 울트라HD TV 55UM7900BNA,,,
블링썸 데스트니 아이라이너,,,
467L_딤채김치냉장고,,,
보몽드 클라라 소프트플란넬 침구세트 SK(슈퍼킹),,,
보몽드 클라라 소프트플란넬 침구세트 K(킹),,,
보몽드 클라라 소프트플란넬 침구세트 Q(퀸),,,
보몽드 클라라 소프트플란넬 침구세트 SS(슈퍼싱글),,,
남영비비안 로즈버드 머스트해브 브라패키지,,,
삼성 워블 세탁기 WA14R6360BG,,,
블링썸 아이스타일러SET,,,
마모트 19 F/W 남성 네이처 수트 4종,,,
마모트 19 F/W 여성 네이처 수트 4종,,,
도스문도스 카이만엠보 소가죽 토트백 2종 ,,,
메이듀 골드링 펌프스 + 베이직 펌프스 2종,,,
마르엘라로사티 휘메일 풀스킨 밍크 후드코트(앱할인),,,
뉴 벨라홈 리클라이닝 소파,,,
대동모피 패션밍크 후드 롱코트 (19FW),,,
AAD 소가죽 올데이슬립온,,,
코튼플러스 클렌징패드 싱글,,,
코튼플러스 클렌징패드(더블),,,
정직한 농부의 석류,,,
CERINI by PAT 남성 어반 릴렉스 팬츠3종,패션/뷰티,패션의류,언더웨어
신세대 포기김치 11kg,홈/라이프스타일,반려동물,펫푸드
제주 수산물 3종 세트,패션/뷰티,패션의류,언더웨어
 얼리젼 밀레 푸쉬풀 도어락,홈/라이프스타일,가전/디지털,조리/가열기기
[농협안심벌꿀] 아카시아꿀 2병 + 야생화꿀 2병,푸드/헬스,건강/다이어트식품,전통건강
스팀큐다리미,홈/라이프스타일,가전/디지털,조리/가열기기
파뷔에 더온 세라믹 냄비세트,홈/라이프스타일,주방/생활/건강,주방용품/식기
효재 동백 자수 광목 워싱차렵침구세트K,홈/라이프스타일,가구/침구/인테리어,침구/커튼/카페트
효재 동백 자수 광목 워싱차렵침구세트Q,홈/라이프스타일,가구/침구/인테리어,침구/커튼/카페트
효재 동백 자수 광목 워싱차렵침구세트SS,홈/라이프스타일,가구/침구/인테리어,침구/커튼/카페트
보루네오 심플 광폭 서랍장 800 5단,홈/라이프스타일,가구/침구/인테리어,수납가구
보루네오 심플 광폭 서랍장 1000 5단,홈/라이프스타일,가구/침구/인테리어,수납가구
보루네오 심플 광폭 서랍장 800 3단,홈/라이프스타일,가구/침구/인테리어,수납가구
오가닉뷰티 360도 노라인 코튼 란쥬세트,패션/뷰티,패션의류,언더웨어
실리만 하이브리드 냄비후라이팬 IH 풀세트,홈/라이프스타일,가전/디지털,조리/가열기기
바두기 무선 에어 바리캉,홈/라이프스타일,가전/디지털,조리/가열기기
국내제작 김병지 고밀도  풀확장 코일카매트,홈/라이프스타일,스포츠/레저,자동차용품
무농약레드비트즙 90봉,푸드/헬스,건강/다이어트식품,전통건강
국내산 손질 통오징어 21미,푸드/헬스,농수축/신선식품,수산
"뱅뱅 여성 간절기 데님팬츠 3종(KQE251, KQE253, KQE255)",패션/뷰티,패션의류,언더웨어
"뱅뱅 남성 간절기 데님팬츠 3종(GQE772, GQE774, GQE776)",패션/뷰티,패션의류,캐주얼/유니섹스
USPA화이트라벨 남성맨투맨 4종,패션/뷰티,패션의류,언더웨어
USPA화이트라벨 여성맨투맨 4종,패션/뷰티,패션의류,언더웨어
노와 멀티 만능 다지기 1+1세트,홈/라이프스타일,가전/디지털,조리/가열기기
노와 멀티 만능 다지기,홈/라이프스타일,가전/디지털,조리/가열기기
국내산 손질 갑오징어 9팩,패션/뷰티,패션의류,언더웨어
보루네오 델라 원목 베드룸 세트1(프레임+매트리스+화장대+협탁),홈/라이프스타일,가구/침구/인테리어,침실가구
보루네오 델라 원목 베드룸 세트2(프레임+화장대+협탁),홈/라이프스타일,가구/침구/인테리어,침실가구
보루네오 델라 원목 베드룸 세트3(프레임+매트리스),홈/라이프스타일,가구/침구/인테리어,침실가구
보루네오 델라 원목 거실장,홈/라이프스타일,가구/침구/인테리어,수납가구
푸마 웜셀(WARM CELL) 데일리 홈웨어 6종 (남성용),패션/뷰티,패션의류,언더웨어
푸마 웜셀(WARM CELL) 데일리 홈웨어 6종 (여성용),패션/뷰티,패션의류,언더웨어
알비에로 마르티니 1A클라쎄 클래식 스퀘어 크로스,홈/라이프스타일,가전/디지털,조리/가열기기
알비에로 마르티니 1A클라쎄 지오 쁘띠 쇼퍼백,패션/뷰티,패션의류,언더웨어
알비에로 마르티니 1A클라쎄 지오맵 라이트숄더백,패션/뷰티,패션의류,언더웨어
알비에로 마르티니 1A클라쎄 지오맵 라이트 백팩,패션/뷰티,패션의류,언더웨어
알비에로 마르티니 1A클라쎄 집어라운드 장지갑,패션/뷰티,패션의류,언더웨어
알비에로 마르티니 1A클라쎄 지오 울버튼 케이프,패션/뷰티,패션의류,언더웨어
알비에로 마르티니 1A클라쎄 지오 스톨라 머플러 숄,패션/뷰티,패션의류,언더웨어
[생쥴랑] 14K 입체 3D 체인 주얼리 11종 컬렉션,패션/뷰티,패션의류,언더웨어
마르엘라로사티 롱블라우스3종,패션/뷰티,패션의류,언더웨어
헤드 남성 액티브 베이스레이어 4종,패션/뷰티,패션의류,언더웨어
헤드 여성 액티브 베이스레이어 4종,패션/뷰티,패션의류,언더웨어
LG 울트라HD TV 65UM7900BNA,홈/라이프스타일,가전/디지털,TV/냉장고/세탁기
LG 울트라HD TV 75UM7900BNA,패션/뷰티,패션의류,언더웨어
레코바 남성 퍼펙트 에디션 3종(트레킹화+워킹화+슬립온),패션/뷰티,패션의류,언더웨어
레코바 여성 퍼펙트 에디션(트레킹화+워킹화+슬립온),패션/뷰티,잡화/슈즈/쥬얼리,패션슈즈
IH 옛 가마솥 세트,홈/라이프스타일,주방/생활/건강,주방용품/식기
벨라홈 세균잡는 행주티슈 17팩,홈/라이프스타일,주방/생활/건강,세탁/청소용품
벨라홈 세균잡는 행주티슈 26팩,홈/라이프스타일,가전/디지털,조리/가열기기
(점보특대형)일월 온수 카페트매트,패션/뷰티,패션의류,언더웨어
(점보형)일월 온수 카페트매트,홈/라이프스타일,가전/디지털,계절가전
(중형)일월 온수 카페트매트,홈/라이프스타일,가전/디지털,계절가전
"유귀열의 The 귀한 갓김치4kg+오이소박이2kg, 총6kg",푸드/헬스,가공식품,김치/반찬
김정배 명인 젓갈세트 8통,푸드/헬스,가공식품,김치/반찬
뱅뱅 남성 구스다운 2종,패션/뷰티,패션의류,남성의류
뱅뱅 여성 구스다운 2종,패션/뷰티,패션의류,남성의류
크리스티나앤코 퀼팅롱코트,패션/뷰티,패션의류,캐주얼/유니섹스
카파 FW 언더셔츠 6종 패키지,패션/뷰티,패션의류,언더웨어
USPA 남성 퀼팅자켓 1종,패션/뷰티,패션의류,언더웨어
USPA 여성 퀼팅자켓 1종,패션/뷰티,패션의류,언더웨어
갈란테 프리미엄 에디션(남성화 3종 + 면도기 1종),패션/뷰티,패션의류,언더웨어
[EXR] 19 F/W 여성 멀티패키지 3종 세트,패션/뷰티,패션의류,언더웨어
[EXR] 19 F/W 남성 멀티패키지 3종 세트,패션/뷰티,패션의류,언더웨어
완도꼬마활전복 1.3kg,푸드/헬스,농수축/신선식품,수산
(퀸+퀸)일월 품안애 온수매트,홈/라이프스타일,가전/디지털,계절가전
(킹+싱글)일월 품안애 온수매트,홈/라이프스타일,가전/디지털,계절가전
(퀸+싱글)일월 품안애 온수매트,패션/뷰티,패션의류,언더웨어
(킹사이즈)일월 품안애 온수매트,홈/라이프스타일,가전/디지털,조리/가열기기
(퀸사이즈)일월 품안애 온수매트,홈/라이프스타일,가전/디지털,계절가전
(싱글사이즈)일월 품안애 온수매트,패션/뷰티,패션의류,언더웨어
[EXR] 19 F/W 여성 리버시블 자켓,패션/뷰티,패션의류,언더웨어
[EXR] 19 F/W 남성 리버시블 자켓,홈/라이프스타일,스포츠/레저,스포츠의류/슈즈/잡화
) 라니 퍼니쿡 그릴 기본세트,홈/라이프스타일,가전/디지털,조리/가열기기
) 라니 퍼니쿡 그릴 풀세트,홈/라이프스타일,가전/디지털,조리/가열기기
트라이 브라이트(LED 전등) 3세트,홈/라이프스타일,가전/디지털,조리/가열기기
트라이 브라이트(LED 전등) 2세트,홈/라이프스타일,가전/디지털,조리/가열기기
트라이 브라이트(LED 전등) 1세트,홈/라이프스타일,가전/디지털,조리/가열기기
PN풍년꾸노죽제조기,홈/라이프스타일,가전/디지털,주방가전
삭루츠 F/W 크로스바디 백(TQ12),홈/라이프스타일,스포츠/레저,스포츠의류/슈즈/잡화
삭루츠 F/W 버켓 백(TQ18),패션/뷰티,패션의류,언더웨어
삭루츠 F/W 투웨이 백팩 (TQ55),홈/라이프스타일,가전/디지털,조리/가열기기
월드컵 19 F/W 남성 에어러닝화,패션/뷰티,패션의류,언더웨어
월드컵 19 F/W 여성 에어러닝화,패션/뷰티,패션의류,언더웨어
쿠미투니카 롱 하이웨스트 팬티세트,패션/뷰티,패션의류,언더웨어
라라츄 헤어볼륨쿠션,홈/라이프스타일,반려동물,펫푸드
푸마 DRY-DELL 기능성 티셔츠형 브라탑 패키지,패션/뷰티,패션의류,언더웨어
[K-SWISS] 19 F/W 남성 패딩 트랙수트 2종,패션/뷰티,패션의류,캐주얼/유니섹스
[K-SWISS] 19 F/W 여성 패딩 트랙수트 2종,패션/뷰티,패션의류,언더웨어
삼성 국내제조 4도어 푸드쇼케이스 냉장고 RH81R8011G2 (+청소기),홈/라이프스타일,가전/디지털,조리/가열기기
국내제조 삼성 4도어 푸드쇼케이스 냉장고 RH81R8011G2 (+청소기),홈/라이프스타일,가전/디지털,TV/냉장고/세탁기
시스마르스 플렉시블 웨지 펌프스,패션/뷰티,잡화/슈즈/쥬얼리,패션슈즈
피시원 국내산 절단 햇 꽃게 2.4kg,푸드/헬스,농수축/신선식품,수산
(더블+더블)일월 순면 온열매트,홈/라이프스타일,주방/생활/건강,건강/안마/실버
(더블+싱글)일월 순면 온열매트,홈/라이프스타일,가전/디지털,계절가전
(더블사이즈)일월 순면 온열매트,패션/뷰티,패션의류,언더웨어
(싱글사이즈)일월 순면 온열매트,패션/뷰티,패션의류,언더웨어
임페리얼 남성 니트4종,패션/뷰티,패션의류,언더웨어
임페리얼 여성 니트 4종,패션/뷰티,패션의류,언더웨어
[헤스티지] 미즈 양가죽 롱코트,패션/뷰티,패션의류,캐주얼/유니섹스
[헤스티지] 마론 양가죽 남성집업재킷,패션/뷰티,패션의류,언더웨어
 한국인 모유유래 다이어트 유산균 BNR17 비에날씬 12주(3박스),푸드/헬스,건강/다이어트식품,건강기능
엘렌실라&코즈미 쑥클렌져,패션/뷰티,뷰티,화장품/향수
초특가 센스하우스 리빙박스,패션/뷰티,패션의류,언더웨어
USPA화이트라벨 남성트랙수트,패션/뷰티,패션의류,캐주얼/유니섹스
USPA화이트라벨 여성트랙수트,패션/뷰티,패션의류,캐주얼/유니섹스
이조농방 보령황토 흙침대 퀸사이즈(TQ100),홈/라이프스타일,가구/침구/인테리어,침실가구
이조농방 보령황토 흙카우치소파(TC100),푸드/헬스,가공식품,김치/반찬
[SET]이조농방 보령황토 흙침대 퀸사이즈+카우치소파,홈/라이프스타일,가구/침구/인테리어,침실가구
이조농방 보령황토 흙침대 싱글사이즈(TS100),홈/라이프스타일,가구/침구/인테리어,침실가구
안국루테인 미니100(5박스),푸드/헬스,건강/다이어트식품,건강기능
젠트웰 남성 니트점퍼세트,패션/뷰티,패션의류,남성의류
네오젠 에이지큐어 원미닛 링클 리프트,,,
마르엘라로사티 테일러드롱자켓1종,,,
(점보특대형)일월 에너지세이브 카페트매트,,,
(점보형)일월 에너지세이브 카페트매트,,,
(중형)일월 에너지세이브 카페트매트,,,
발레리 라이크라 풀커버 컴포트핏 브라패키지(16차),,,
[RYN] 린 남성 뉴웨이브 스니커즈,,,
[RYN] 린 여성 뉴웨이브 스니커즈,,,
페르소나 고기능 안전스틱 1세트,,,
페르소나 고기능 안전스틱 2세트,,,
코펜하겐럭스 코팅밴딩팬츠4종,,,
발렌티노루디 헤링본 리빙박스 6종,,,
생쥴랑 18K코코 천연다이아 목걸이팔찌 세트,,,
생쥴랑 18K코코 천연다이아 목걸이,,,
생쥴랑 18K코코 천연다이아 팔찌,,,
"이경제의 레드비트 착즙 100%, 120포",,,
국내산참조기12팩,,,
사운드룩 올인원 LP턴테이블 오디오 SLT-5080PRO,,,
사운드룩  LP턴테이블 오디오 SLT-7080BT,,,
헤드 프리무빙 레깅스 4종 패키지,,,
 서울대 더 리얼 신바이오틱스 6박스 (6개월분),,,
[루이띠에] 순금 41.25g 헤라 컬렉션,,,
[루이띠에] 순금 11.25g 헤라 반지,,,
[루이띠에] 순금 3.75g 헤라귀걸이,,,
[루이띠에] 순금 13g 신디스틱 목걸이,,,
[루이띠에] 순금 13g 신디스틱 팔찌,,,
[루이띠에] 순금 70g 골드바,,,
[루이띠에] 순금 37.5g 골드바,,,
레코바 남성 어반3종(트레킹화+워킹화+슬립온),,,
레코바 여성 어반3종(트레킹화+워킹화+슬립온),,,
뉴웨이 볼륨브러쉬,,,
NNF 라운지웨어세트,,,
크리스티나앤코 이지웨어세트,,,
USPA화이트라벨 남성기모티3종,,,
USPA화이트라벨 여성기모티3종,,,
라쉬반 프레쉬 에어 에디션 드로즈 패키지(+캐리어),,,
라쉬반 레알마드리드 에디션 드로즈 패키지(+캐리어),,,
국내제조 벨라홈 논슬립 옷걸이 세트,,,
파뷔에 양면 항균도마 스페셜,,,
뉴욕맘 목화솜행주&항균수세미,,,
거창특등급사과 5kg+5kg,,,
더커진거창특등급사과 5kg+5kg,,,
국내제조 노비타 뉴스파 비데  무료설치,,,
국내제조 노비타 뉴스파 비데 무료설치,,,
1+1 국내제조 노비타 뉴스파 비데  무료설치,,,
[풀패키지]레스트업 수액패치(84매),,,
[실속패키지]레스트업 수액패치(50매),,,
쿠첸인버터전자레인지 (COV-i230KGF),,,
5세트 센티멘탈 디퓨저골드패키지,,,
1세트 센티멘탈 디퓨저골드,,,
오모떼 모달 웜 이너웨어 6종세트,,,
피시원 국내산 햇 손질문어 7팩,,,
스마트코너 초고속블렌더 비앙코 볼토,,,
센스톰알파청소기,,,
크로커다일 The 편안한 코튼 브라팬티 4세트 + 이너쇼츠 2종 ,,,
 블랙모어스 알티지 오메가3 3병 (53주분),,,
메디아글램 카이만엠보 소가죽 토트백 (+클러치백+폼폼이),,,
메디아글램 카이만엠보 소가죽 체인숄더백 (+클러치백+폼폼이),,,
푸마 뉴 니트 스트레치 심리스 드로즈 11종,,,
푸마 INNO 심리스 롱드로즈 9종 (1차),,,
컬럼비아 남성 옴니히트 업 베이스레이어 4종,,,
컬럼비아 여성 옴니히트 업 베이스레이어 4종,,,
(점보)한솔 뉴청맥 온열 카페트매트,,,
(특대)한솔 뉴청맥 온열 카페트매트,,,
(대형)한솔 뉴청맥 온열 카페트매트,,,
파로마 레어 메모리폼 타퍼 슈퍼싱글,,,
파로마 레어 메모리폼 타퍼 퀸,,,
파로마 레어 메모리폼 타퍼 킹,,,
1+1보국미니히터(화이트+화이트 )BKH-1083P+BKH-1083P,,,
1+1보국미니히터(화이트+레드)BKH-1083P +BKH-1083PR,,,
한세트 보국미니히터(BKH-1083P/ BKH-1083PR),,,
아이넥스 카세로 식기건조대,,,
강원도양구 간편시래기15팩,,,
센스락무선진공포장기,,,
푸마 웜셀(WARM CELL)원피스 브라탑 3종세트,,,
한빛 페르시안스타일 셔닐 카페트 점보특대형,,,
한빛 페르시안스타일 셔닐 카페트 특대형,,,
한빛 페르시안스타일 셔닐 카페트 대형,,,
국내제조 붙이는 따스림 실크 단열벽지 20+10미터(총30미터),,,
국내제조 붙이는 따스림 실크 단열벽지 20미터,,,
국내제조 붙이는 따스림 실크 단열벽지 10미터,,,
뱅뱅 남성 구스다운 2종(ARS),,,
뱅뱅 여성 구스다운 2종(ARS),,,
테팔 에어포스 라이트 무선 청소기,,,
쿠미투니카 웜 레이시 란쥬패키지,,,
로벤탈 파스텔 후라이팬 (핑크),,,
로벤탈 파스텔 후라이팬 1+1세트(핑크+블루),,,
[특등급] 김천 샤인머스켓 2kg (2~3수),,,
레스토닉 블루투스 LED 서랍 침대 슈퍼싱글,,,
레스토닉 블루투스 LED 서랍 침대 퀸,,,
레스토닉 블루투스 LED 서랍 침대 킹,,,
리앤 헤링본 러그 카페트 점보특대형,,,
리앤 헤링본 러그 카페트 특대형,,,
리앤 헤링본 러그 카페트 대형,,,
스튜디오럭스 밴딩팬츠 4종,,,
스튜디오럭스 후드롱구스다운코트,,,
테이트 남성 오가닉 약기모티,,,
테이트 여성 오가닉 약기모티,,,
CERINI by PAT 남성 니트 스웨터 4종,,,
코치 뉴 베네트 크로스백,,,
코치 라일라 더블 크로스백,,,
코치 뉴 미아 숄더백,,,
코치 엠마 라지 사첼,,,
로베르타 디 까메리노 로베(ROBE) 토트백 3종,,,
참바다손질낙지+양념장+연포탕육수,,,
보몽드 헤르만 착번아웃 극세사 침구세트 SK(슈퍼킹),,,
보몽드 헤르만 착번아웃 극세사 침구세트 K(킹),,,
보몽드 헤르만 착번아웃 극세사 침구세트 Q(퀸),,,
보몽드 헤르만 착번아웃 극세사 침구세트 SS(슈퍼싱글),,,
이보은의 우삽겹 12팩세트,,,
221L_딤채김치냉장고,,,
파격가 니봇 무선 진공 물걸레 로봇청소기 +폴더블 헤어드라이어기,,,
) 올리고 가스와이드그릴레인지 프리미엄형,,,
메디앤서 생콜라겐 마스크팩,,,
국내산 신안생물 생새우 1.2kg,,,
까사마루 멀티행거 1세트,,,
까사마루 멀티행거 2세트,,,
[디즈니] 19 F/W 여성 기모 라운드 맨투맨 3종,,,
[디즈니] 19 F/W 남성 기모 라운드 맨투맨 3종,,,
젠트웰 남성패딩재킷2종세트,,,
[헤스티지] 여성 스타디움 자켓,,,
[헤스티지] 남성 스타디움 자켓,,,
아이앤아이 퀵래쉬 속눈썹세트,,,
OK 근육통완화 동전패치,,,
(1등급)467L_딤채김치냉장고,,,
(1등급)221L_딤채김치냉장고,,,
19FW마리노블 밍크 롱코트,,,
아미니 릴렉싱 풋케어 풀패키지,,,
보코 리버시블 패딩점퍼,,,
콜라겐3.2 아임파인 (6개월),,,
콜라겐3.2 아임파인 (3개월),,,
에버라스트 제니스 백팩 3종,,,
USPA화이트라벨 남성모크넥세트,,,
USPA화이트라벨 여성모크넥세트,,,
미바 이온칼슘 파운데이션 더블쿠션 RX,,,
 메디아글램 카이만엠보 소가죽 토트백 (+클러치백+폼폼이),,,
 메디아글램 카이만엠보 소가죽 체인숄더백 (+클러치백+폼폼이),,,
생쥴랑 18K 피오레 볼륨 주얼리 컬렉션 (18K 총6종),,,
NNF 여성 터틀넥 3종,,,
NNF 남성 터틀넥 3종,,,
뉴트리원 전지현 베리솔 콜라겐 구미(더블24주분+6일분),,,
뉴트리원 전지현 베리솔 콜라겐 구미(12주분+3일분),,,
보코 여성 벨트롱코트 1종,,,
송도순의 원터치 중탕기 홈쿠(시즌2),,,
국내산 손질 햇 갑오징어 9팩,,,
제주갈치+참조기세트,,,
초특가 삼성 UHD TVUN75RU7150FXKR,,,
초특가 삼성 UHD TV UN65RU7150FXKR,,,
초특가 삼성 UHD TVUN55RU7150FXKR,,,
코지마 손목형 자동전자 혈압계 CBP-160,,,
에버홈 대형 스텐 믹서기 + 마늘박피,,,
초특가 자미코코 텐셀 3단 접이식  매트 더블 + 경추베개,,,
초특가 자미코코 3단 접이식 텐셀 매트 싱글 + 경추베개,,,
AAA 19 F/W 남성 트레킹화 3종,,,
AAA 19 F/W 여성 트레킹화 3종,,,
아가타 올인원 에디션(앵클부츠1종+플랫슈즈1종),,,
"루미테라피 노즈케어 저출력광선조사기, LN-01W",,,
엑사이더 워킹머신,,,
[슬로푸드] 도라지 품은 산돌배즙  6박스 (80g x 10포 x 6박스),,,
뱅뱅 남성 기모데님3종,,,
뱅뱅 여성 기모데님3종,,,
보몽드 카밀라 더블착번극세사 토퍼침구세트 SK(슈퍼킹),,,
보몽드 카밀라 더블착번극세사 토퍼침구세트 K(킹),,,
보몽드 카밀라 더블착번극세사 토퍼침구세트 Q(퀸),,,
보몽드 카밀라 더블착번극세사 토퍼침구세트 SS(슈퍼싱글),,,
몬테밀라노 웜기모 치마레깅스 4종,,,
우리나라 맛밤 20봉+밤양갱 4개,,,
클란츠 멀티쿡,,,
"유귀열의 The귀한 소한마리세트 8팩(찜+탕),무료체험1팩포함",,,
란체티 남성 융기모 히팅 동내의 패키지,,,
란체티 여성 융기모 히팅 동내의 패키지,,,
구스터 티포트 1세트,,,
구스터 티포트 1+1 세트,,,
LG전자 통돌이 세탁기 TR14WK1(화이트),,,
아르테사노 리얼 카이만악어 토트백,,,
아르테사노 리얼 카이만악어 바디숄더백,,,
아르테사노 리얼 카이만악어 테일숄더백,,,
[루이띠에]18k 샤인클로버 주얼리 세트,,,
[루이띠에]18k 샤인클로버 목걸이팔찌 세트,,,
[루이띠에]18k 샤인클로버 팔찌반지  세트,,,
[루이띠에]18k 샤인클로버 목걸이,,,
[루이띠에]18k 샤인클로버 팔찌,,,
[루이띠에]18k 샤인클로버 반지,,,
[루이띠에]18k 샤인클로버 귀걸이,,,
뉴트리원 비비랩 FOS 프리바이오틱스,,,
[영광군수협] 대장대 굴비 40미,,,
남해바다 손질왕꼬막살세트,,,
해피콜엑슬림블렌더,,,
[12.5m x 3롤]월시스 스티커식 실크벽지,,,
[12.5m x 2롤]월시스 스티커식 실크벽지,,,
[12.5m x 1롤]월시스 스티커식 실크벽지,,,
실바트 인덕션 우든후라이팬 5종세트,,,
국내산 영산포숙성 홍어 6팩+홍어무침1통,,,
유캐슬 마리노 침실가구 풀세트 (매트리스포함),,,
유캐슬 마리노 침실가구 실속세트(매트리스X),,,
유캐슬 마리노 5단 서랍장,,,
유캐슬 마리노 협탁,,,
유캐슬 마리노 화장대세트 _화장대+거울,,,
히트융 극세사 퍼융기모 남성 동내의 패키지,,,
히트융 극세사 퍼융기모 여성 동내의 패키지,,,
스칸디나비아 에어볼륨 롤업 매트리스(퀸+싱글),,,
스칸디나비아 에어볼륨 롤업 매트리스(퀸),,,
스칸디나비아 에어볼륨 롤업 매트리스(싱글),,,
셰프웨이 멀티핸즈 IH 프라이팬,,,
오가닉뷰티 360도 노라인 코튼 브라세트,,,
제주갈치고등어구이세트,,,
알렉스하운드 양모 퀼팅 패딩 자켓,,,
알렉스하운드 양모 퀼팅 패딩 팬츠,,,
알렉스하운드 양모 퀼팅 패딩 세트,,,
뉴트리원 다이어트 구미 시즌2,,,
국내산 손질 피꼬막 23팩,,,
코몽트 기모 웜웨어 4종,,,
프리미엄 클린샤워,,,
아가타 윈터 에디션(부츠1종+소프트퍼슈즈1종),,,
오렐리안 히트모 스킨컬렉션 기모런닝 패키지,,,
파뷔에 스페셜 디너세트,,,
[RYN] 린 남성 다이얼락 히트 웜 퍼 방한화 2종,,,
[RYN] 린 여성 다이얼락 히트 웜 퍼 방한화 2종,,,
르까프 남성 핫멜트 덕다운 트랙 3종,,,
르까프 여성 핫멜트 덕다운 트랙 3종,,,
장수흙침대 싱글,,,
장수흙침대 퀸,,,
장수 클래식 흙카우치,,,
초특가 히팅맘 스마트 리모컨 히터 1+1,,,
초특가 히팅맘 스마트 리모컨 히터,,,
레노마 여성 양가죽/양모 장갑 2종,,,
레노마 남성 양가죽 장갑 2종,,,
키친아트 김장용 대용량 스텐용기,,,
오세득 본 갈비탕,,,
리복 남성 스피드윅 웜웨어 4종 패키지,,,
리복 여성 스피드윅 웜웨어 4종 패키지,,,
코몽트 덤블 플리스 자켓 2종,,,
임페리얼 여성 패딩코트세트,,,
임페리얼 남성 패딩코트세트,,,
마르엘라로사티 기모본딩팬츠,,,
칼리베이직 2019 패브릭 백 4종 (시즌 3) (ARS),,,
올바로 문어발 샤워기 1+1,,,
올바로 문어발 샤워기 1세트,,,
[K-SWISS] 19F/W 남성 웜테크 벤치코트,,,
[K-SWISS] 19F/W 여성 웜테크 벤치코트,,,
(싱글+싱글)일월 품안애 온수매트,,,
초특가  국내제조 센스하우스 실크단열벽지 30M,,,
초특가  국내제조 센스하우스 실크단열벽지 20M,,,
초특가  국내제조 센스하우스 실크단열벽지10M,,,
푸마 웜셀 퍼치마레깅스 3종,,,
포항구룡포과메기세트,,,
쿠첸압력밥솥 10인용,,,
쿠첸압력밥솥 6인용,,,
오모떼 드레스핏 웜 쉐이퍼 패키지,,,
수련 무선 무릎 에어 온열 마사지기 SR823,,,
오가닉뷰티 황후의 코르셋 리얼 쉐이핑 팬티 8종 패키지,,,
오델로 여성 겨울모자 3종,,,
오델로 남성 겨울모자 3종,,,
마르엘라로사티 에코무스탕1종,,,
(1등급)221L_딤채김치냉장고(LDL22DHWJJ),,,
푸마 스트레치 심리스 드로즈 11종,,,
푸마 시그니처 코튼 트렁크 9종,,,
[세라맥스] 포터블 원적외선 전기렌인지,,,
 [가이거] 블랙 에디션 다이아몬드 워치(여성용),,,
 [가이거] 블랙 에디션 다이아몬드 워치(남성용),,,
아가타 컬러풀에디션(앵클부츠1종+플랫슈즈1종),,,
팜스프링스 남성 패딩팬츠 3종,,,
팜스프링스 여성 패딩팬츠 3종,,,
트레스패스 남성 다이얼락 방한화 + 기모 워킹화 2종,,,
트레스패스 여성 다이얼락 방한화 + 기모 워킹화 2종,,,
19 F/W 디즈니 롱 벤치코트,,,
뱅뱅 남성 본딩기모데님3종,,,
뱅뱅 여성 본딩기모데님3종,,,
오가닉뷰티 웜  레이스 코튼 란쥬세트,,,
영산포숙성홍어회7팩,,,
더블모 어성초 샴푸,,,
LG트롬 건조기 16kg RH16WN(화이트),,,
LG트롬 건조기 14kg RH14VN(실버),,,
LG트롬 건조기 14kg RH14WN(화이트),,,
크리스티나앤코 피치기모팬츠,,,
파뷔에 스페셜에디션 프라이팬세트,,,
청정수산 완도활전복 中사이즈 17-18미(1kg이상!),,,
AAC한우소머리곰탕양곰탕세트,,,
AAC 한우소머리 곰탕,,,
AAC 한우소머리양곰탕,,,
사운드룩 포터블 블루투스 LP턴테이블 SLT-100BT,,,
NNF 남성 패딩점퍼,,,
NNF 여성 패딩점퍼,,,
CERINI by PAT 남성 기모 릴렉스팬츠,,,
크리스티나앤코 리버시블 패딩,,,
월드컵 남성 방한 트레킹화 + 패딩슈즈 2종,,,
월드컵 여성 방한 트레킹화 + 패딩슈즈 2종,,,
국내산 손질 새꼬막  13팩,,,
파격가 굿프렌드  스트레칭 안마 매트 GOOD-A7,,,
하림 치킨스테이크 4봉,,,
[완벽더블]오모떼 모달 웜 이너웨어 3세트+3세트,,,
국내산 자숙찰골뱅이 7팩,,,
코펜하겐럭스 판초니트4종,,,
까사마루 접이식 테이블 세트,,,
까사마루 접이식 테이블 세트(1+1세트),,,
까사마루 접이식 의자,,,
까사마루 접이식 벤치 의자(2인),,,
KF94 엔웰스황사방역마스크 100매,,,
am마카롱 보온병세트,,,
디키즈 성인 리버시블재킷1종,,,
디키즈 아동 리버시블재킷1종,,,
코몽트 패딩 3종세트,,,
강레오의 탕요일,,,
루시헨느 레이스 홀리데이 란쥬 패키지,,,
LG생활건강 샤프란아우라 고농축 섬유유연제,,,
셰프웨이 멀티핸즈 IH 프라이팬(신),,,
구찌 씨마 베이직 양면 울 머플러,,,
구찌 인터로킹 GG 탑핸들 체인 숄더 라지,,,
구찌 인터로킹 GG 탑핸들 체인 숄더 스몰,,,
구찌 마이크로 씨마 GG플랩 2단 장지갑,,,
버버리 홀스페리 페이톤 크로스백,,,
버버리 밀덴홀 체인 크로스백 미듐,,,
[K-SWISS] 19F/W 남성 벤치코트,,,
[K-SWISS] 19F/W 여성 벤치코트,,,
이동수골프 남성 원더 플렉스 본딩팬츠 3종,,,
이동수골프 여성 원더 플렉스 본딩팬츠 3종,,,
밸런스파워 플래티늄,,,
스튜디오럭스 터틀넥니트3종,,,
키친플라워 대용량 에어프라이어 5.8L,,,
통뼈 감자탕 8팩,,,
USPA 화이트라벨 디태처블 롱패딩,,,
USPA 화이트라벨 디태처블 롱패딩 크롬,,,
블랙모어스 알티지 오메가3 3병 (53주분),,,
크리스티나앤코 기모밴딩팬츠3종,,,
[통영바다의보물] 국내산 냉동 참굴 200g x (10팩+2팩),,,
국내산 손질 통오징어 10팩,,,
K-SWISS 남성 약기모 팬츠3종,,,
CERINI by PAT 남성 기모집업니트3종,,,
EXR 19 F/W 여성 퍼포먼스 패딩 점퍼,,,
EXR 19 F/W 남성 퍼포먼스 패딩 점퍼,,,
젠트웰 남성패딩코트1종,,,
AHC 스킨케어링 톤커버크림,,,
고창 꿀 고구마 10kg,,,
컨시크 컬러마크 글로우 립스틱,,,
셀렉프로 뚝배기 전기밥솥(멀티쿠커),,,
코치 시그니처 레더 켈시 사첼백,,,
코치 시그니처 에터 캐리올,,,
마이클코어스 소피아 라지 사첼,,,
마이클코어스 젯셋 아이템 라지 체인 숄더,,,
고데롤 플러스,,,
자이언트킹랍스터  (점보1미+골든 2미+ 크래커),,,
오모떼 오리지널 쉐이핑 브라팬티 시즌2,,,
피부약방 더오리진 크림세트,,,
뱅뱅 여성 벨로아기모밴딩팬츠,,,
저스트마이사이즈 코튼 슬리머 패키지,,,
옥샘쿡 만능 가마솥 3종세트,,,
삼성 4도어 냉장고 T9000 RF84R9003S8+공기청정기,,,
초특가 삼성5도어냉장고 T9000(RF84R9203S8) +시카고커트러리5p세트,,,
삼성5도어냉장고 T9000 (RF84R9203S8) +공기청정기 (AX34R3020WWD),,,
로베르타 디 까메리노 밸런스업 지퍼쉐이핑 란쥬패키지,,,
푸마 웜셀 티셔츠형 브라탑 4종세트,,,
푸마 웜셀 런닝형 브라탑 4종세트,,,
완도산 식탁앤김 120봉,,,
스프리스 여성 퍼부츠 세트(부츠+패딩슬립온),,,
스프리스 남성 퍼부츠 세트(부츠+패딩슬립온),,,
스프리스 아동 퍼부츠,,,
[헤스티지] 레나 폭스퍼후드 덕다운롱코트,,,
마르엘라로사티 나파 휘메일 풀스킨 밍크하프코트(11월),,,
오델로 겨울모자 3종 (2차),,,
산머루농원 머루원액,,,
도깨비그릴,,,
)엘렌실라&코즈미 쑥클렌져(단하루),,,
조방할매 낙곱새 6팩세트,,,
파격가 니봇 무선 진공 물걸레 로봇청소기 +뉴헤어드라이어기,,,
램프쿡 자동회전냄비,,,
벨라홈 스마트 멀티포트 1+1 세트,,,
코몽트 기모 터틀넥 5종,,,
